CenterName,domain,scenario_label,is_current_method,assumption_value,assumption_unit,capacity_added,capacity_unit,capacity_total
Daybreak,residential,current (zoning median),True,30.0,du/acre,1168.86936294837,housing units,2213.86936294837
Daybreak,residential,dua_50,False,50.0,du/acre,1948.11560491395,housing units,2993.11560491395
Daybreak,residential,dua_100,False,100.0,du/acre,3896.2312098279,housing units,4941.2312098279
Daybreak,residential,dua_150,False,150.0,du/acre,5844.34681474185,housing units,6889.34681474185
Daybreak,nonres,current (zoning median),True,7.0,FAR,78840.34339900354,jobs,81979.34339900354
Daybreak,nonres,far_0.75,False,0.75,FAR,8447.179649893238,jobs,11586.179649893238
Daybreak,nonres,far_4.0,False,4.0,FAR,45051.624799430596,jobs,48190.624799430596
Saratoga Springs Downtown,residential,current (zoning median),True,10.0,du/acre,402.35454952943485,housing units,625.3545495294348
Saratoga Springs Downtown,residential,dua_50,False,50.0,du/acre,2011.7727476471741,housing units,2234.772747647174
Saratoga Springs Downtown,residential,dua_100,False,100.0,du/acre,4023.5454952943483,housing units,4246.545495294348
Saratoga Springs Downtown,residential,dua_150,False,150.0,du/acre,6035.318242941523,housing units,6258.318242941523
Saratoga Springs Downtown,nonres,current (zoning median),True,0.5,FAR,6883.02378874622,jobs,6883.02378874622
Saratoga Springs Downtown,nonres,far_0.75,False,0.75,FAR,10324.535683119328,jobs,10324.535683119328
Saratoga Springs Downtown,nonres,far_4.0,False,4.0,FAR,55064.19030996976,jobs,55064.19030996976
The Point,residential,current (zoning median),True,,du/acre,,housing units,6660.0
The Point,residential,dua_50,False,50.0,du/acre,5874.132205459441,housing units,5874.132205459441
The Point,residential,dua_100,False,100.0,du/acre,11748.264410918882,housing units,11748.264410918882
The Point,residential,dua_150,False,150.0,du/acre,17622.396616378323,housing units,17622.396616378323
The Point,nonres,current (zoning median),True,,FAR,,jobs,28382.0
The Point,nonres,far_0.75,False,0.75,FAR,24949.32879975365,jobs,25927.32879975365
The Point,nonres,far_4.0,False,4.0,FAR,133063.08693201945,jobs,134041.08693201945
Ogden Downtown,residential,current (zoning median),True,50.0,du/acre,1990.4597103012272,housing units,6819.4597103012275
Ogden Downtown,residential,dua_50,False,50.0,du/acre,1990.4597103012272,housing units,6819.4597103012275
Ogden Downtown,residential,dua_100,False,100.0,du/acre,3980.9194206024545,housing units,8809.919420602455
Ogden Downtown,residential,dua_150,False,150.0,du/acre,5971.3791309036815,housing units,10800.379130903682
Ogden Downtown,nonres,current (zoning median),True,10.0,FAR,15460.477427226082,jobs,43286.477427226084
Ogden Downtown,nonres,far_0.75,False,0.75,FAR,1159.535807041956,jobs,28985.535807041957
Ogden Downtown,nonres,far_4.0,False,4.0,FAR,6184.190970890433,jobs,34010.190970890435
Clearfield,residential,current (zoning median),True,30.0,du/acre,5194.537623730289,housing units,7907.537623730289
Clearfield,residential,dua_50,False,50.0,du/acre,8657.562706217148,housing units,11370.562706217148
Clearfield,residential,dua_100,False,100.0,du/acre,17315.125412434296,housing units,20028.125412434296
Clearfield,residential,dua_150,False,150.0,du/acre,25972.688118651444,housing units,28685.688118651444
Clearfield,nonres,current (zoning median),True,0.5,FAR,887.4865412834772,jobs,2738.486541283477
Clearfield,nonres,far_0.75,False,0.75,FAR,1331.229811925216,jobs,3182.229811925216
Clearfield,nonres,far_4.0,False,4.0,FAR,7099.892330267818,jobs,8950.892330267818
Farmington Station Park,residential,current (zoning median),True,27.0,du/acre,3971.4702078524774,housing units,6610.470207852477
Farmington Station Park,residential,dua_50,False,50.0,du/acre,7354.574458986069,housing units,9993.57445898607
Farmington Station Park,residential,dua_100,False,100.0,du/acre,14709.148917972137,housing units,17348.14891797214
Farmington Station Park,residential,dua_150,False,150.0,du/acre,22063.723376958205,housing units,24702.723376958205
Farmington Station Park,nonres,current (zoning median),True,7.0,FAR,0.0,jobs,5666.0
Farmington Station Park,nonres,far_0.75,False,0.75,FAR,0.0,jobs,5666.0
Farmington Station Park,nonres,far_4.0,False,4.0,FAR,0.0,jobs,5666.0
